{
	"minInsertLen":	176,
	"middleInsertLen":	555,
	"maxInsertLen":	955,
	"isize_distribution":	[0.000222957416554, 0.000216958564124, 0.000249952252489, 0.000209959893255, 0.000246952840826, 0.000261949957348, 0.000217958368012, 0.000234955121414, 0.000245953036938, 0.000256950908806, 0.000256950908806, 0.000240953973844, 0.000248952448601, 0.000272947858321, 0.000248952448601, 0.000247952644713, 0.000243953400059, 0.000243953400059, 0.000256950908806, 0.000276947102975, 0.000262949790340, 0.000286945200060, 0.000259950349573, 0.000264949398115, 0.000252951693255, 0.000293943856377, 0.000299942708807, 0.000279946543742, 0.000243953400059, 0.000284945563180, 0.000278946710750, 0.000287945003947, 0.000270948250545, 0.000315939658321, 0.000289944611723, 0.000288944807835, 0.000319938902976, 0.000302942149574, 0.000301942316582, 0.000290944415610, 0.000292944052489, 0.000303941953462, 0.000280946347630, 0.000279946543742, 0.000286945200060, 0.000292944052489, 0.000285945396172, 0.000314939854434, 0.000294943660265, 0.000282945955405, 0.000301942316582, 0.000313940050546, 0.000314939854434, 0.000317939266097, 0.000294943660265, 0.000332936411723, 0.000313940050546, 0.000329936970957, 0.000323938118527, 0.000329936970957, 0.000314939854434, 0.000292944052489, 0.000338935264153, 0.000316939462209, 0.000342934508808, 0.000373928574845, 0.000363930477761, 0.000340934871929, 0.000314939854434, 0.000380927231163, 0.000352932576789, 0.000341934704920, 0.000319938902976, 0.000334936019499, 0.000337935460266, 0.000397923984565, 0.000385926279705, 0.000372928770958, 0.000359931262210, 0.000338935264153, 0.000377927819500, 0.000370929163182, 0.000380927231163, 0.000364930310752, 0.000369929330191, 0.000390925328247, 0.000402923033107, 0.000415920570958, 0.000381927064154, 0.000373928574845, 0.000379927427275, 0.000379927427275, 0.000395924376789, 0.000422919227276, 0.000458912341855, 0.000430917687481, 0.000408921885537, 0.000433917128248, 0.000417920178734, 0.000468910438940, 0.000411921326304, 0.000472909683594, 0.000432917324360, 0.000395924376789, 0.000423919031164, 0.000449914077763, 0.000434916932136, 0.000424918835051, 0.000421919423388, 0.000449914077763, 0.000493905681651, 0.000468910438940, 0.000472909683594, 0.000456912734080, 0.000488906633109, 0.000476908899145, 0.000494905456435, 0.000496905064210, 0.000467910635052, 0.000540896668099, 0.000527899188455, 0.000512902042829, 0.000501904112753, 0.000497904897202, 0.000520900532138, 0.000553894205950, 0.000588887545746, 0.000563892303035, 0.000531898404006, 0.000502903945744, 0.000561892695259, 0.000571890792344, 0.000523899914697, 0.000542896334082, 0.000546895549633, 0.000591886928305, 0.000588887545746, 0.000599885417614, 0.000565891910810, 0.000660873774905, 0.000598885584623, 0.000631879316643, 0.000630879483651, 0.000651875510812, 0.000648876070045, 0.000603884633165, 0.000641877413727, 0.000652875285596, 0.000660873774905, 0.000647876237053, 0.000703865545802, 0.000670871871989, 0.000696866889484, 0.000706864986569, 0.000738858885597, 0.000731860229280, 0.000684869184624, 0.000745857541915, 0.000729860621504, 0.000738858885597, 0.000701865938026, 0.000699866330251, 0.000767853343859, 0.000790848920587, 0.000760854687542, 0.000737859052606, 0.000792848586570, 0.000771852559410, 0.000815844163299, 0.000759854854550, 0.000801846850663, 0.000860835600179, 0.000860835600179, 0.000889830058441, 0.000858835934196, 0.000811844947748, 0.000830841308925, 0.000828841701150, 0.000908826419618, 0.000863834982738, 0.000841839180794, 0.000946819141973, 0.000890829833224, 0.000931821996346, 0.000870833697263, 0.000937820877880, 0.000977813266218, 0.000950818415731, 0.000943819759414, 0.000918824516702, 0.000989810912870, 0.000957817072049, 0.000970814551692, 0.001030803075992, 0.001003808225505, 0.000966815336142, 0.001014806213789, 0.001004808116704, 0.001024804310873, 0.001035802182741, 0.001096790540032, 0.001071795239113, 0.001041801064275, 0.001086792442948, 0.001093791099265, 0.001122785499319, 0.001185773522593, 0.001123785390519, 0.001134783262387, 0.001123785390519, 0.001195771619678, 0.001187773188576, 0.001205769716762, 0.001176775200292, 0.001120785949752, 0.001236763782799, 0.001251760870218, 0.001228765351698, 0.001306750462390, 0.001246761879884, 0.001306750462390, 0.001229765126482, 0.001294752699323, 0.001273756730370, 0.001335744862445, 0.001369738369249, 0.001353741390631, 0.001367738819681, 0.001335744862445, 0.001352741615847, 0.001402732101269, 0.001398732885718, 0.001348742400296, 0.001379736466333, 0.001446723705158, 0.001424727845006, 0.001429726951756, 0.001446723705158, 0.001508711837232, 0.001495714299381, 0.001506712171249, 0.001494714524597, 0.001579698291607, 0.001500713406131, 0.001548704225570, 0.001500713406131, 0.001584697281942, 0.001581697841175, 0.001610692357644, 0.001677679596469, 0.001677679596469, 0.001666681608185, 0.001605693367310, 0.001685678027570, 0.001643686089665, 0.001666681608185, 0.001713672652841, 0.001713672652841, 0.001797656645067, 0.001730669406243, 0.001764662913047, 0.001722670975141, 0.001785658882000, 0.001782659557648, 0.001881640637293, 0.001764662913047, 0.001839648582973, 0.001823651720770, 0.001882640412077, 0.001889639068395, 0.001870642765425, 0.001878641196527, 0.001903636381030, 0.001949627650902, 0.001881640637293, 0.001958625856787, 0.001881640637293, 0.002035611309111, 0.002001617802307, 0.001978622050956, 0.002040610183030, 0.001995618920773, 0.002116595627740, 0.002021613763645, 0.002109596971422, 0.002092600334436, 0.002112596528605, 0.002160587348044, 0.002140591153875, 0.002182583091781, 0.002163586672395, 0.002249570330605, 0.002295561600477, 0.002193581080064, 0.002253569662571, 0.002202579285949, 0.002275565406308, 0.002333554206416, 0.002292562043294, 0.002327555324882, 0.002364548388869, 0.002351550851017, 0.002359549282119, 0.002345551969483, 0.002367547713220, 0.002427536295727, 0.002457530703396, 0.002418538089842, 0.002429535845295, 0.002513519953936, 0.002404540777206, 0.002556511666626, 0.002536515472457, 0.002427536295727, 0.002579507417977, 0.002483525546268, 0.002530516590923, 0.002624498680234, 0.002559511223808, 0.002595504280180, 0.002743476070464, 0.002592504722998, 0.002559511223808, 0.002810463309288, 0.002675489056855, 0.002648494206369, 0.002715481445193, 0.002675489056855, 0.002695485251024, 0.002837458159775, 0.002707482781261, 0.002664491068572, 0.002770470920950, 0.002726479200646, 0.002753474051133, 0.002678488381207, 0.002865452785045, 0.002833458827808, 0.002859453903511, 0.002826460171491, 0.002864452777430, 0.002824460621923, 0.002813462633640, 0.002903445390984, 0.002937438897789, 0.002881449647248, 0.002959434641525, 0.002921442035586, 0.003018423449248, 0.002880449872464, 0.002974431961775, 0.002984429942444, 0.002995427930728, 0.003042418975383, 0.003005425911397, 0.003061415161937, 0.003021423006430, 0.003038419643417, 0.003019423224032, 0.003016423899680, 0.003090409794822, 0.003042418975383, 0.003054416505620, 0.003007425693795, 0.003143399721012, 0.003064414719120, 0.003178393002599, 0.003026421880350, 0.003107406431809, 0.003213386284187, 0.003115404862911, 0.003137400839478, 0.003062415169552, 0.003204388078302, 0.003092409344390, 0.003130402183160, 0.003120403969660, 0.003097408451140, 0.003095408668742, 0.003093409119174, 0.003194389864802, 0.003188390983269, 0.003308368148282, 0.003129402175546, 0.003021423006430, 0.003130402183160, 0.003244380233809, 0.003172394121066, 0.003169394563884, 0.003144399495795, 0.003112405538559, 0.003119404194877, 0.003192390315235, 0.003127402625978, 0.003165395464748, 0.003071413375437, 0.003151398152113, 0.003123403526843, 0.003121403744444, 0.003114405088127, 0.003130402183160, 0.003088410012424, 0.003207387402654, 0.003052416956052, 0.003177393227816, 0.003102407325059, 0.003099408000708, 0.003087410237640, 0.003111405763775, 0.003055416513234, 0.003098408225924, 0.003011424792930, 0.003001426812261, 0.003017423674464, 0.002923441585153, 0.002986429492012, 